<?xml version="1.0" encoding="UTF-8"?>
<!DOCTYPE mapper PUBLIC "-//mybatis.org//DTD Mapper 3.0//EN" "http://mybatis.org/dtd/mybatis-3-mapper.dtd">

<mapper namespace="com.webjjang.board.mapper.BoardMapper">

	<!-- 	// 1-1. 리스트 -->
	<select id="list" resultType="com.webjjang.board.vo.BoardVO">
		select no, title, writer, writeDate, hit
		from (
			select rownum rnum, no, title, writer, writeDate, hit
			from(
				select no, title, writer, writeDate, hit
				from board
				order by no desc
			)
		)
		where rnum between #{startRow} and #{endRow}
	</select>
	<!-- 	// 1-2. 전체 데이터 개수 -->
	<select id="getTotalRow" resultType="long">
		select count(*) from board
	</select>
	<!-- 	// 2-1. 보기 -->
	<select id="view" resultType="com.webjjang.board.vo.BoardVO">
		select no, title, content, writer, writeDate, hit
		from board
		where no = #{no}
	</select>
	<!-- 	// 2-2. 조회수 1증가 -->
	<update id="increase">
		update board
		set hit = hit + 1
		where no = #{no}
	</update>
	<!-- 	// 3. 글쓰기 -->
	<insert id="write">
		insert into board(no, title, content, writer)
		values(board_seq.nextval, #{title}, #{content}, #{writer})
	</insert>
	<!-- 	// 4. 수정 -->
	<update id="update">
		update board set title = #{title}, content = #{content}, writer = #{writer}
		where no = #{no}
	</update>
	<!-- 	// 5. 삭제 -->
	<delete id="delete">
		delete from board
		where no = #{no} 
	</delete>

</mapper>