<?xml version="1.0" encoding="UTF-8"?>
<!DOCTYPE mapper PUBLIC "-//mybatis.org//DTD Mapper 3.0//EN" 
"http://mybatis.org/dtd/mybatis-3-mapper.dtd">



<mapper namespace="aloha.mapper.BoardMapper">

<!-- 	게시글 등록 -->
	<insert id = "insert">
		Insert Into board (title,writer,content)
		values(#{title},#{writer},#{content})
	</insert>

<!-- 	게시글 목록 -->	
	<select id = "list" resultType="Board">
		select * 
		from board
		order by board_no desc,
		reg_date desc
	</select>
	
<!-- 	게시글 조회 -->
	<select id = "read" resultType="Board">
		select *
		from board
		where board_no = #{boardNo}
	</select>
	
<!-- 	게시글 수정 -->
	<update id = "update">
	update board
	set title = #{title}
	,writer = #{writer}
	,content=#{content}
	,upd_date=now()
	where board_no = #{boardNo}
	</update>
<!-- 게시글 삭제 -->
	<delete id = "delete">
	delete from board
	where board_no =#{boardNo}
	</delete>
	
	<!-- 게시글 검색 -->
	<select id = "search" resultType ="Board">
	<![CDATA[
	
	select *
	from board 
	
	where title like concat('%', #{keyword},'%')
		or content like concat('%', #{keyword},'%')
	    or writer like concat('%', #{keyword},'%')
	]]>
	</select>
</mapper>