<?xml version="1.0" encoding="UTF-8"?>
<!DOCTYPE mapper PUBLIC "-//mybatis.org//DTD Mapper 3.0//EN" 
"http://mybatis.org/dtd/mybatis-3-mapper.dtd">



<mapper namespace="hell.mapper.BoardMapper">

	<!-- 게시글 등록 -->
	
	<insert id="insert">
		Insert Into board (title,writer,content)
		values(#{title},#{writer},#{content})
	</insert>

	<!-- 게시글 목록 -->
	<select id="list" resultType="Board">
		select *
		from board
		order by board_no
		desc,
		reg_date desc
	</select>

	<!-- 게시글 조회 -->
	<select id="read" resultType="Board">
		select *
		from board
		where board_no =
		#{boardNo}
	</select>

	<!-- 게시글 수정 -->
	<update id="update">
		update board
		set title = #{title}
		,writer = #{writer}
		,content=#{content}
		,upd_date=now()
		where board_no = #{boardNo}
	</update>
	<!-- 게시글 삭제 -->
	<delete id="delete">
		delete from board
		where board_no =#{boardNo}
	</delete>

	<!-- 게시글 검색 -->
	<select id="search" resultType="Board">
	<![CDATA[
	
	select *
	from board 
	
	where title like concat('%', #{keyword},'%')
		or content like concat('%', #{keyword},'%')
	    or writer like concat('%', #{keyword},'%')
	]]>
	</select>

	<!-- 전체 게시글 수 -->
	<select id="totalCount" resultType="int">
		select count(*)
		from board;

	</select>

	<!-- 페이지 게시글 목록 -->

	<select id="listWithPage" resultType="board">
	 
	<![CDATA[
	select @rownum := @rownum+1 row_no, b.*
		from 
		(select @rownum:= #{startRowIndex} from dual) 
		tmp,
		board b
		order by board_no desc
		, reg_date desc
		limit #{startRowIndex}, #{rowsPerPage}
		
	]]>
	</select>

	<!-- [검색어] 게시글 검색 -->
	<select id="totalCountByKeyword" resultType="INT">	<!-- 게시글수니까 int -->
		select count(*)
		from board
		where title like concat('%',#{keyword},'%')	<!-- 
			타이틀에 키워드가 포함된 경우 -->
		or writer like concat('%',#{keyword},'%')	<!-- 작성자 키워드가 포함된 경우 -->
		or content like concat('%',#{keyword},'%')	<!-- 내용에 키워드가 포함된 경우 -->


	</select>


	<!-- 페이지 검색어 게시글 검색 -->

	<select id="searchWithPage" resultType="board">
	
	<![CDATA[
	select @rownum := @rownum+1 row_no, b.*
		from 
		(select @rownum:= #{startRowIndex} from dual) 
		tmp,
		board b
		
		where title like concat('%',#{keyword},'%')	
		or writer like concat('%',#{keyword},'%')	
		or content like concat('%',#{keyword},'%')	
		
		
		order by board_no desc
		, reg_date desc
		limit #{startRowIndex}, #{rowsPerPage}
		
	]]>
	</select>

	<!-- 파일 업로드 -->

	<insert id="uploadFile" parameterType="BoardAttach">

		<selectKey resultType="int" keyProperty="boardNo"
			order="BEFORE">
			SELECT MAX(board_no) from board;

		</selectKey>

		insert into board_attach (full_name,file_name, board_no)
		values(#{fullName},#{fileName},#{boardNo})

	</insert>

	<!-- 파일 목록 -->

	<select id="readFileList" resultType="BoardAttach">
		select *
		from board_attach
		where board_no = #{boardNo}

	</select>

	<!-- 파일 삭제 -->

	<delete id="deleteFile">
		delete from board_attach
		where file_no = #{fileNo}

	</delete>


	<!-- 댓글 목록 조회 -->
	<select id="replyList" resultType="Reply">
		select *
		from board_reply
		where
		board_no = #{boardNo}
		order by reg_date desc

	</select>

	<!-- 댓글 등록 -->

	<insert id="replyCreate">
		Insert into board_reply(board_no, content, writer)
		values (#{boardNo}, #{content}, #{writer})
	</insert>

	<!-- 댓글 수정 -->

	<update id="replyUpdate">
		update board_reply
		set writer = #{writer}
		, content= #{content}
		where reply_no = #{replyNo}
	</update>
</mapper>