<?xml version="1.0" encoding="UTF-8"?>
<!DOCTYPE mapper
        PUBLIC "-//mybatis.org//DTD Mapper 3.0//EN"
        "http://mybatis.org/dtd/mybatis-3-mapper.dtd">

<mapper namespace="com.spring.boot.dao.StudyDao">

    <select id="doStudyList_Bak" resultType="map">
        SELECT to_char(key_id) as key_id, study_day, contents, to_char(reg_day,'yyyy.mm.dd hh24:mi') as reg_day
        FROM study_record
        Order by key_id
    </select>

    <!--
    <resultMap id="map_vo_stody" type="com.spring.boot.vo.Vo_study">
        <result column="key_id" property="key_id" jdbcType="NVARCHAR" javaType="String" />
        <result column="study_day2" property="study_day" jdbcType="NVARCHAR" javaType="String" />
        <result column="contents2" property="contents" jdbcType="NVARCHAR" javaType="String" />
        <result column="reg_day" property="reg_day" jdbcType="NVARCHAR" javaType="String" />
    </resultMap>
    -->
    <select id="doStudyList" resultType="com.spring.boot.vo.Vo_study">
        SELECT to_char(key_id) as key_id, study_day, contents, to_char(reg_day,'yyyy.mm.dd hh24:mi') as reg_day
        FROM study_record
        Order by key_id
    </select>

    <!-- One row Select -->
    <select id="doStudyListOne" resultType="com.spring.boot.vo.Vo_study">
        SELECT to_char(key_id) as key_id, study_day, contents, to_char(reg_day,'yyyy.mm.dd hh24:mi') as reg_day
        FROM study_record
        WHERE key_id = to_number(#{strKeyId})
    </select>

    <!-- 공부기록 수정 -->
    <update id="doStudyUp" parameterType="com.spring.boot.vo.Vo_study">
         Update  study_record
         SET study_day = #{studyDay} , contents=#{contents} , reg_day=sysdate
         WHERE key_id = to_number(#{keyId})
    </update>

    <!-- 공부기록 삭제 -->
    <delete id="doStudyDel">
        Delete from  study_record
        WHERE key_id = to_number(#{strKeyId})
    </delete>

    <!-- 공부기록 Insert -->
    <insert id="doStudyIns">
        Insert into study_record(study_day, contents, reg_day)
        Values ( #{studyDay} , #{contents}, sysdate)
    </insert>
</mapper>