<?xml version="1.0" encoding="UTF-8"?>
<!DOCTYPE mapper PUBLIC "-//mybatis.org//DTD Mapper 3.0//EN" "http://mybatis.org/dtd/mybatis-3-mapper.dtd">

<mapper namespace="com.webjjang.member.mapper.MemberMapper">

	<!-- 	// 1-1. 리스트 -->
	<select id="list" resultType="com.webjjang.board.vo.BoardVO">
		select no, title, writer, writeDate, hit
		from (
			select rownum rnum, no, title, writer, writeDate, hit
			from(
				select no, title, writer, writeDate, hit
				from board
				<include refid="search" />
				order by no desc
			)
		)
		where rnum between #{startRow} and #{endRow}
	</select>
	<!-- 	// 1-2. 전체 데이터 개수 -->
	<select id="getTotalRow" resultType="long">
		select count(*) from board
		<include refid="search" />
	</select>
	
	<!-- 검색 조건 처리를 위한 태그 - 부분 태그 : sql :: 동적 쿼리 작성 -->
	<sql id="search">
		<if test="word != null and word != ''.toString">
			where
			<if test="key == 't'.toString()">
				title like '%' || #{word} || '%'
			</if>
			<if test="key == 'c'.toString()">
				content like '%' || #{word} || '%'
			</if>
			<if test="key == 'w'.toString()">
				writer like '%' || #{word} || '%'
			</if>
			<if test="key == 'tc'.toString()">
				title like '%' || #{word} || '%'
				or content like '%' || #{word} || '%'
			</if>
			<if test="key == 'tw'.toString()">
				title like '%' || #{word} || '%'
				or writer like '%' || #{word} || '%'
			</if>
			<if test="key == 'cw'.toString()">
				content like '%' || #{word} || '%'
				or writer like '%' || #{word} || '%'
			</if>
			<if test="key == 'tcw'.toString()">
				title like '%' || #{word} || '%'
				or content like '%' || #{word} || '%'
				or writer like '%' || #{word} || '%'
			</if>
		</if>
	</sql>
	
	<!-- 	// 2-1. 보기 -->
	<select id="view" resultType="com.webjjang.board.vo.BoardVO">
		select no, title, content, writer, writeDate, hit
		from board
		where no = #{no}
	</select>
	<!-- 	// 3. 회원가입 -->
	<insert id="write">
		insert into board(no, title, content, writer)
		values(board_seq.nextval, #{title}, #{content}, #{writer})
	</insert>
	<!-- 	// 4. 수정 -->
	<update id="update">
		update board set title = #{title}, content = #{content}, writer = #{writer}
		where no = #{no}
	</update>
	<!-- 	// 5. 탈퇴 -->
	<delete id="delete">
		delete from board
		where no = #{no} 
	</delete>

	<!-- // 6. 로그인 처리 -->
	<select id="login" resultType="com.webjjang.member.vo.LoginVO">
		select m.id, m.name, m.photo, m.gradeNo, g.gradeName
		from member m, grade g
		where (m.id = #{id} and m.pw = #{pw}) and (g.gradeNo = m.gradeNo)
	</select>
</mapper>