<?xml version="1.0" encoding="UTF-8"?>
<!DOCTYPE mapper PUBLIC "-//mybatis.org//DTD Mapper 3.0//EN" 
"http://mybatis.org/dtd/mybatis-3-mapper.dtd">



<mapper namespace="coach.mapper.BoardMapper">

	<!-- 게시글 등록 -->
	<insert id="insert">
		INSERT INTO board ( title, users_id, content )
		VALUES ( #{title}, #{usersId }, #{content} )
	</insert>
	
	<!-- 게시글 목록 -->
	<select id="list" resultType="Board">
		SELECT *
		FROM board b LEFT JOIN 
					(SELECT r.board_no, COUNT(*) reply_count FROM board_reply r GROUP BY board_no) reply
					ON b.board_no = reply.board_no
		ORDER BY b.board_no DESC
				,reg_date DESC
	</select>

	<!-- 게시글 조회 -->
	<select id="read" resultType="Board">
		SELECT *
		FROM board b LEFT JOIN users u ON b.users_id = u.id
		WHERE board_no = #{boardNo}
	</select>
	
	<!-- 게시글 수정 -->
	<update id="update">
		UPDATE board
		SET title = #{title}
		   ,users_id = #{users_id}
		   ,content = #{content}
		   ,upd_date = now()
		WHERE board_no = #{boardNo}
	</update>
	
	<!-- 게시글 삭제 -->
	<delete id="delete">
		DELETE FROM board
		WHERE board_no = #{boardNo}
	</delete>
	
	
	<!-- 게시글 검색 -->
	<select id="search" resultType="Board">
		<![CDATA[
		SELECT *
		FROM board
		WHERE title LIKE CONCAT('%', #{keyword} ,'%')
		   OR content LIKE CONCAT('%', #{keyword} ,'%')
		   OR users_id LIKE CONCAT('%', #{keyword} ,'%');
		]]>
	</select>
	
	
	<!-- 전체 게시글 수 -->
	<select id="totalCount" resultType="int">
		SELECT COUNT(*) 
		FROM board
	</select>
	
	<!-- [페이지] 게시글 목록 -->
	<select id="listWithPage" resultType="board">
		<![CDATA[
			SELECT @rownum := @rownum + 1 row_no, b.*, r.reply_count
			FROM (
					SELECT @rownum := #{startRowIndex} FROM dual
				 ) tmp
				, board b LEFT JOIN 
							(SELECT board_no, COUNT(*) reply_count FROM board_reply GROUP BY board_no) r
    						ON b.board_no = r.board_no
			ORDER BY group_no DESC
					,seq_no ASC
					,depth_no ASC
					,reg_date DESC
			LIMIT #{startRowIndex}, #{rowsPerPage}
		]]>
	</select>
	
	
	<!-- [검색어] 게시글 검색 -->
	<select id="totalCountByKeyword" resultType="int">
		SELECT COUNT(*) 
		FROM board
		WHERE title LIKE CONCAT('%', #{keyword}, '%')
		   OR users_id LIKE CONCAT('%', #{keyword}, '%')
		   OR content LIKE CONCAT('%', #{keyword}, '%')
	</select>
	
	<!-- [페이지][검색어] 게시글 검색 -->
	<select id="searchWithPage" resultType="board">
		<![CDATA[
			SELECT @rownum := @rownum + 1 row_no, b.*, r.reply_count
			FROM (
					SELECT @rownum := #{startRowIndex} FROM dual
				 ) tmp
				, board b LEFT JOIN 
							(SELECT board_no, COUNT(*) reply_count FROM board_reply GROUP BY board_no) r
    						ON b.board_no = r.board_no
			WHERE title LIKE CONCAT('%', #{keyword}, '%')
		   	   OR users_id LIKE CONCAT('%', #{keyword}, '%')
		   	   OR content LIKE CONCAT('%', #{keyword}, '%')
			ORDER BY group_no DESC
					,seq_no ASC
					,depth_no ASC
					,reg_date DESC
			LIMIT #{startRowIndex}, #{rowsPerPage}
		]]>
	</select>
	
	<!-- 파일 업로드 -->
	<insert id="uploadFile" parameterType="BoardAttach">
		<selectKey resultType="int" keyProperty="boardNo" order="BEFORE">
	        SELECT MAX(board_no) FROM board        
	    </selectKey>  
		INSERT INTO board_attach ( full_name, file_name, board_no ) 
					VALUES ( #{fullName}, #{fileName}, #{boardNo} )
	</insert>
	
	<!-- 파일 목록 -->
	<select id="readFileList" resultType="BoardAttach">
		SELECT * 
		FROM board_attach
		WHERE board_no = #{boardNo}
	</select>
	
	<!-- 파일 삭제 -->
	<delete id="deleteFile">
		DELETE FROM board_attach
		WHERE file_no = #{fileNo}
	</delete>
	
	<!-- 댓글 목록 조회 -->
	<select id="replyList" resultType="Reply">
		SELECT *
		FROM board_reply
		WHERE board_no = #{boardNo}
		ORDER BY reg_date DESC
	</select>
	
	
	<!-- 댓글 등록 -->
	<insert id="replyCreate">
		INSERT INTO board_reply ( board_no, content, users_id )
				VALUES ( #{boardNo}, #{content}, #{users_id} )
	</insert>
	
	<!-- 댓글 수정 -->
	<update id="replyUpdate">
		UPDATE board_reply
		SET users_id = #{users_id}
		   ,content = #{content}
		WHERE reply_no = #{replyNo}
	</update>
	
	<!-- 댓글 삭제 -->
	<delete id="deleteReply">
		DELETE FROM board_reply
		WHERE reply_no = #{replyNo}
	</delete>
	
	<!-- 계층번호 조회 -->
	<select id="readDepthNo" resultType="int"> 
		SELECT depth_no
		FROM board
		WHERE board_no = ${boardNo}
	</select>
	
	<!-- 같은 그룹번호, MAX(seq_no) -->
	<select id="maxSeqNoByGroupNo" resultType="int">
		SELECT MAX(seq_no)
		FROM board
		WHERE group_no = #{groupNo}
	</select>
	
	<!-- 답글 쓰기 -->
	<insert id="answerCreate">
		INSERT INTO board( title, content, users_id, group_no, depth_no, seq_no )
				   VALUES( #{title}, #{content}, #{users_id}, #{groupNo}, #{depthNo}, #{seqNo} )
	</insert>
	
	
	<!-- MAX(글번호) -->
	<select id="maxBoardNo" resultType="int">
		SELECT MAX(board_no)
		FROM board
	</select>
	
	<!-- 그룹번호 수정 -->
	<update id="updateGroupNo">
		UPDATE board
		SET group_no = #{groupNo}
		WHERE board_no = #{boardNo}
	</update>
	
	
	<!-- 게시글 첨부파일 전체 삭제 -->
	<delete id="deleteFiles">
		DELETE FROM board WHERE board_no = #{boardNo}
	</delete>
	
	<!-- 댓글 읽기 -->
	<select id="replyRead" resultType="Reply">
		SELECT *
		FROM board_reply
		WHERE board_no = #{boardNo}
		  AND reply_no = #{replyNo}
	</select>
	
	
	<!-- 댓글 전체 삭제 (해당 게시글) -->
	<delete id="replyRemoveAll">
		DELETE FROM board_reply WHERE board_no = #{boardNo}
	</delete>
	
	<!-- 파일 읽기 -->
	<select id="readFile" resultType="BoardAttach">
		SELECT *
		FROM board_attach
		WHERE board_no = #{boardNo}
		  AND file_no = #{fileNo}
	</select>
	
	
	
	<!-- 좋아요 여부 조회 -->
	<select id="readLikes" resultType="int">
		SELECT COUNT(*)
		FROM board_like
		WHERE type_no = #{boardNo}
		  AND users_id = #{usersId}
	</select>
	
	<!-- 좋아요 개수 조회 -->
	<select id="readLikesCount" resultType="int">
		SELECT COUNT(*)
		FROM board_like
		WHERE type_no = #{boardNo}
	</select>
	
	<!-- (댓글) 좋아요 여부 조회 -->
	<select id="readReplyLikes" resultType="int">
		SELECT COUNT(*)
		FROM board_like
		WHERE type_no = #{replyNo}
		  AND user_no = #{userNo}
	</select>
	
	<!-- (댓글) 좋아요 개수 조회 -->
	<select id="readReplyLikesCount" resultType="int">
		SELECT COUNT(*)
		FROM board_like
		WHERE type_no = #{replyNo}
	</select>
	
	
	<!-- 좋아요 추가 -->
	<insert id="insertLikes">
		INSERT INTO board_like ( like_type, type_no, user_no )
					    VALUES ( #{likeType}, #{typeNo}, #{userNo} )
	</insert>
	
	<!-- 좋아요 취소 -->
	<delete id="deleteLikes">
		DELETE FROM board_like
		WHERE type_no = #{boardNo}
		  AND user_no = #{userNo}
	</delete>
	
	
	<!-- 계층번호 조회 -->
	<select id="readReplyDepthNo" resultType="int"> 
		SELECT depth_no
		FROM board_reply
		WHERE reply_no = ${replyNo}
	</select>
	
	<!-- 같은 그룹번호, MAX(seq_no) -->
	<select id="replyMaxSeqNoByGroupNo" resultType="int">
		SELECT MAX(seq_no)
		FROM board_reply
		WHERE group_no = #{groupNo}
	</select>
	
	<!-- 댓글의 답글 쓰기 -->
	<insert id="replyAnswerCreate">
		INSERT INTO board_reply( content, users_id, board_no, group_no, depth_no, seq_no )
				   VALUES( #{content}, #{users_id}, #{boardNo}, #{groupNo}, #{depthNo}, #{seqNo} )
	</insert>
	
	
	<!-- 댓글 번호 최댓값 -->
	<select id="maxReplyNo" resultType="int">
		SELECT MAX(reply_no)
		FROM board_reply
	</select>
	
	<!-- 댓글 그룹번호 수정 -->
	<update id="replyUpdateGroupNo">
		UPDATE board_reply
		SET group_no = #{groupNo}
		WHERE reply_no = #{replyNo}
	</update>
	
	<!-- [댓글] 그룹번호 조회 -->
	<select id="replyReadGroupNo" resultType="int"> 
		SELECT group_no
		FROM board_reply
		WHERE reply_no = #{replyNo}
	</select>

	<!-- 작성자 조회 -->
	<select id="checkWriter" resultType="String">
		SELECT email
		FROM USERS
		WHERE id = (
			SELECT users_id
			FROM BOARD
			WHERE board_no = #{boardNo}
		)
	</select>
	
</mapper>













