<?xml version="1.0" encoding="UTF-8"?>
<!DOCTYPE mapper PUBLIC "-//mybatis.org//DTD Mapper 3.0//EN" 
"http://mybatis.org/dtd/mybatis-3-mapper.dtd">



<mapper namespace="coach.mapper.ColumnMapper">

	<!-- 게시글 등록 -->
	<insert id="insert">
		INSERT INTO columns ( title, writer, content )
		VALUES ( #{title}, #{writer}, #{content} )
	</insert>
	
	<!-- 게시글 목록 -->
	<select id="list" resultType="Columns">
		SELECT *
		FROM columns b LEFT JOIN
					(SELECT r.column_no, COUNT(*) reply_count FROM column_reply r GROUP BY column_no) reply
					ON b.column_no = reply.column_no
		ORDER BY b.column_no DESC
				,reg_date DESC
	</select>

	<!-- 게시글 조회 -->
	<select id="read" resultType="Columns">
		SELECT *
		FROM columns
		WHERE column_no = #{columnNo}
	</select>
	
	<!-- 게시글 수정 -->
	<update id="update">
		UPDATE columns
		SET title = #{title}
		   ,writer = #{writer}
		   ,content = #{content}
		   ,upd_date = now()
		WHERE column_no = #{columnNo}
	</update>
	
	<!-- 게시글 삭제 -->
	<delete id="delete">
		DELETE FROM columns
		WHERE column_no = #{columnNo}
	</delete>
	
	
	<!-- 게시글 검색 -->
	<select id="search" resultType="Columns">
		<![CDATA[
		SELECT *
		FROM columns
		WHERE title LIKE CONCAT('%', #{keyword} ,'%')
		   OR content LIKE CONCAT('%', #{keyword} ,'%')
		   OR writer LIKE CONCAT('%', #{keyword} ,'%');
		]]>
	</select>
	
	
	<!-- 전체 게시글 수 -->
	<select id="totalCount" resultType="int">
		SELECT COUNT(*) 
		FROM columns
	</select>
	
	<!-- [페이지] 게시글 목록 -->
	<select id="listWithPage" resultType="Columns">
		<![CDATA[
			SELECT @rownum := @rownum + 1 row_no, b.*, r.reply_count
			FROM (
					SELECT @rownum := #{startRowIndex} FROM dual
				 ) tmp
				, columns b LEFT JOIN
							(SELECT column_no, COUNT(*) reply_count FROM column_reply GROUP BY column_no) r
    						ON b.column_no = r.column_no
			ORDER BY group_no DESC
					,seq_no ASC
					,depth_no ASC
					,reg_date DESC
			LIMIT #{startRowIndex}, #{rowsPerPage}
		]]>
	</select>
	
	
	<!-- [검색어] 게시글 검색 -->
	<select id="totalCountByKeyword" resultType="int">
		SELECT COUNT(*) 
		FROM columns
		WHERE title LIKE CONCAT('%', #{keyword}, '%')
		   OR writer LIKE CONCAT('%', #{keyword}, '%')
		   OR content LIKE CONCAT('%', #{keyword}, '%')
	</select>
	
	<!-- [페이지][검색어] 게시글 검색 -->
	<select id="searchWithPage" resultType="Columns">
		<![CDATA[
			SELECT @rownum := @rownum + 1 row_no, b.*, r.reply_count
			FROM (
					SELECT @rownum := #{startRowIndex} FROM dual
				 ) tmp
				, columns b LEFT JOIN
							(SELECT column_no, COUNT(*) reply_count FROM column_reply GROUP BY column_no) r
    						ON b.column_no = r.column_no
			WHERE title LIKE CONCAT('%', #{keyword}, '%')
		   	   OR writer LIKE CONCAT('%', #{keyword}, '%')
		   	   OR content LIKE CONCAT('%', #{keyword}, '%')
			ORDER BY group_no DESC
					,seq_no ASC
					,depth_no ASC
					,reg_date DESC
			LIMIT #{startRowIndex}, #{rowsPerPage}
		]]>
	</select>
	
	<!-- 파일 업로드 -->
	<insert id="uploadFile" parameterType="Attach">
		<selectKey resultType="int" keyProperty="columnNo" order="BEFORE">
	        SELECT MAX(column_no) FROM columns
	    </selectKey>  
		INSERT INTO column_attach ( full_name, file_name, column_no )
					VALUES ( #{fullName}, #{fileName}, #{columnNo} )
	</insert>
	
	<!-- 파일 목록 -->
	<select id="readFileList" resultType="Attach">
		SELECT * 
		FROM column_attach
		WHERE column_no = #{columnNo}
	</select>
	
	<!-- 파일 삭제 -->
	<delete id="deleteFile">
		DELETE FROM column_attach
		WHERE file_no = #{fileNo}
	</delete>
	
	<!-- 댓글 목록 조회 -->
	<select id="replyList" resultType="Reply">
		SELECT *
		FROM column_reply
		WHERE column_no = #{columnNo}
		ORDER BY reg_date DESC
	</select>
	
	
	<!-- 댓글 등록 -->
	<insert id="replyCreate">
		INSERT INTO column_reply ( column_no, content, writer )
				VALUES ( #{columnNo}, #{content}, #{writer} )
	</insert>
	
	<!-- 댓글 수정 -->
	<update id="replyUpdate">
		UPDATE column_reply
		SET writer = #{writer}
		   ,content = #{content}
		WHERE reply_no = #{replyNo}
	</update>
	
	<!-- 댓글 삭제 -->
	<delete id="deleteReply">
		DELETE FROM column_reply
		WHERE reply_no = #{replyNo}
	</delete>
	
	<!-- 계층번호 조회 -->
	<select id="readDepthNo" resultType="int"> 
		SELECT depth_no
		FROM columns
		WHERE column_no = ${columnNo}
	</select>
	
	<!-- 같은 그룹번호, MAX(seq_no) -->
	<select id="maxSeqNoByGroupNo" resultType="int">
		SELECT MAX(seq_no)
		FROM columns
		WHERE group_no = #{groupNo}
	</select>
	
	<!-- 답글 쓰기 -->
	<insert id="answerCreate">
		INSERT INTO columns( title, content, writer, group_no, depth_no, seq_no )
				   VALUES( #{title}, #{content}, #{writer}, #{groupNo}, #{depthNo}, #{seqNo} )
	</insert>
	
	
	<!-- MAX(글번호) -->
	<select id="maxColumnNo" resultType="int">
		SELECT MAX(column_no)
		FROM columns
	</select>
	
	<!-- 그룹번호 수정 -->
	<update id="updateGroupNo">
		UPDATE columns
		SET group_no = #{groupNo}
		WHERE column_no = #{columnNo}
	</update>
	
	
	<!-- 게시글 첨부파일 전체 삭제 -->
	<delete id="deleteFiles">
		DELETE FROM columns WHERE column_no = #{columnNo}
	</delete>
	
	<!-- 댓글 읽기 -->
	<select id="replyRead" resultType="Reply">
		SELECT *
		FROM column_reply
		WHERE column_no = #{columnNo}
		  AND reply_no = #{replyNo}
	</select>
	
	
	<!-- 댓글 전체 삭제 (해당 게시글) -->
	<delete id="replyRemoveAll">
		DELETE FROM column_reply WHERE column_no = #{columnNo}
	</delete>
	
	<!-- 파일 읽기 -->
	<select id="readFile" resultType="Attach">
		SELECT *
		FROM column_attach
		WHERE column_no = #{columnNo}
		  AND file_no = #{fileNo}
	</select>
	
	
	
	<!-- 좋아요 여부 조회 -->
	<select id="readLikes" resultType="int">
		SELECT COUNT(*)
		FROM column_like
		WHERE type_no = #{columnNo}
		  AND user_no = #{userNo}
	</select>
	
	<!-- 좋아요 개수 조회 -->
	<select id="readLikesCount" resultType="int">
		SELECT COUNT(*)
		FROM column_like
		WHERE type_no = #{columnNo}
	</select>
	
	<!-- (댓글) 좋아요 여부 조회 -->
	<select id="readReplyLikes" resultType="int">
		SELECT COUNT(*)
		FROM column_like
		WHERE type_no = #{replyNo}
		  AND user_no = #{userNo}
	</select>
	
	<!-- (댓글) 좋아요 개수 조회 -->
	<select id="readReplyLikesCount" resultType="int">
		SELECT COUNT(*)
		FROM column_like
		WHERE type_no = #{replyNo}
	</select>
	
	
	<!-- 좋아요 추가 -->
	<insert id="insertLikes">
		INSERT INTO column_like ( like_type, type_no, user_no )
					    VALUES ( #{likeType}, #{typeNo}, #{userNo} )
	</insert>
	
	<!-- 좋아요 취소 -->
	<delete id="deleteLikes">
		DELETE FROM column_like
		WHERE type_no = #{columnNo}
		  AND user_no = #{userNo}
	</delete>
	
	
	<!-- 계층번호 조회 -->
	<select id="readReplyDepthNo" resultType="int"> 
		SELECT depth_no
		FROM column_reply
		WHERE reply_no = ${replyNo}
	</select>
	
	<!-- 같은 그룹번호, MAX(seq_no) -->
	<select id="replyMaxSeqNoByGroupNo" resultType="int">
		SELECT MAX(seq_no)
		FROM column_reply
		WHERE group_no = #{groupNo}
	</select>
	
	<!-- 댓글의 답글 쓰기 -->
	<insert id="replyAnswerCreate">
		INSERT INTO column_reply( content, writer, column_no, group_no, depth_no, seq_no )
				   VALUES( #{content}, #{writer}, #{columnNo}, #{groupNo}, #{depthNo}, #{seqNo} )
	</insert>
	
	
	<!-- 댓글 번호 최댓값 -->
	<select id="maxReplyNo" resultType="int">
		SELECT MAX(reply_no)
		FROM column_reply
	</select>
	
	<!-- 댓글 그룹번호 수정 -->
	<update id="replyUpdateGroupNo">
		UPDATE column_reply
		SET group_no = #{groupNo}
		WHERE reply_no = #{replyNo}
	</update>
	
	<!-- [댓글] 그룹번호 조회 -->
	<select id="replyReadGroupNo" resultType="int"> 
		SELECT group_no
		FROM column_reply
		WHERE reply_no = #{replyNo}
	</select>
	
</mapper>













