<?xml version="1.0" encoding="UTF-8" ?>
<!DOCTYPE mapper
  PUBLIC "-//mybatis.org//DTD Mapper 3.0//EN"
  "http://mybatis.org/dtd/mybatis-3-mapper.dtd">
<mapper namespace="coach.mapper.UserMapper">

	<resultMap type="Users" id="UsersMap">
		<id property="id" column="id" />
		<result property="id" column="id" />
		<result property="name" column="name" />
		<result property="email" column="email" />
		<result property="username" column="username" />
		<result property="nickname" column="nickname" />
		<result property="password" column="password" />
		<collection property="authList" resultMap="authMap">
		</collection>
	</resultMap>

	<resultMap type="UsersAuth" id="authMap">
		<result property="id" column="id" />
		<result property="auth" column="auth" />
	</resultMap>

	<select id="read" resultMap="UsersMap">
		SELECT u.id, email, nickname, password, auth
		FROM Users u LEFT OUTER JOIN Users_auth auth ON u.id = auth.id
		WHERE u.email = #{email}
	</select>


	<insert id="insert">
		insert into users (email, nickname, password, introduce )
			values(#{email}, #{nickname}, #{password}, #{introduce})
	</insert>


</mapper>














